source1_entity_id	candidate_entity_ids
S1-714132312	S2-234992726,S2-89660732,S3-36348173
S1-106407869	S2-559669701,S2-730294781,S2-235259222,S2-952858710,S2-125955407,S2-568886805,S2-11497933,S2-663959226,S2-806209738,S2-168132027,S2-536451479,S2-854425445,S2-235569498,S2-696588819,S2-269915770
S1-156285671	S2-566025912,S2-521049331,S2-645886241,S2-335122263,S2-107820820,S2-28211372,S2-514477715,S2-660792558,S2-883799231,S2-620079742,S3-818722089,S3-28391425,S3-869217790,S3-944706854,S3-839414204
S1-689823050	S2-664893936,S3-577972146,S3-378054173,S3-883789863,S2-186340265,S2-353554435,S3-260946793,S3-389514717,S3-879523477
S1-921369899	S2-302380669,S3-340888978,S2-649702926,S2-583114929,S2-710233773,S2-445598380,S2-75328302,S2-339500407,S2-17235825,S2-495870962,S2-263024876,S2-346644481,S2-589350155,S2-226231650,S2-1855489
S1-481669221	
S1-909865979	S3-566949914,S2-481572644,S2-644642765,S3-281100873,S2-973152754,S2-874952494,S2-395671932,S2-924441277,S2-949800978,S2-905010895,S3-70211138,S3-536306337
S1-280204013	S2-138331307,S2-994099264,S2-395171961,S3-915330451,S3-260946793,S3-737664007,S3-17678176,S3-176169543,S3-544100996,S2-956867829,S2-479124662,S2-866326764,S3-652287374,S3-804274330,S3-729069076
S1-742053041	S2-954571253,S2-753593579,S2-159786085,S3-331435880,S3-505170939
S1-913506265	S2-626468842,S2-229203598,S3-146360385,S2-336076880,S2-503966344,S2-441692657,S2-613021953,S2-169037041,S2-519644358,S2-533000846,S3-556228627,S3-332250323,S3-866935454,S3-230737613,S3-423182087
S1-479574617	S2-842829312,S3-825495383,S3-497775376
S1-680637447	S2-171400053,S2-675337024,S2-949209550,S3-630998672,S2-470617752,S2-991613543,S2-303037664,S2-318799519,S2-419491073,S2-112689538,S2-510635651,S3-276427681,S3-170245253,S3-366230515,S3-656749670
S1-870190130	S2-528929761,S2-916015676,S2-39872285,S2-540182433,S2-782561431,S2-392578068,S2-299877054,S2-36616184,S3-179099570,S3-195976462,S3-108111278,S3-219316014,S3-699367647,S3-223843979,S3-282236721
S1-365170694	S3-374810425,S2-552232981,S2-435351865,S2-919703139,S2-544842505,S3-219041197,S3-180087778,S3-431726820,S3-231099763,S3-652441284,S3-92692166,S3-925650490,S3-184308551
S1-778640743	S3-467616579,S2-949729542,S2-89663826,S2-123627795,S2-181305222,S2-105890899,S3-279715184,S3-290793692,S3-794713116
S1-378191895	S2-30048306,S3-220850190,S2-85470349,S2-214168322,S2-138374856,S3-501478524,S3-74872076,S3-649166684,S3-481517312,S3-5049219,S3-947822162,S3-19378396,S3-239214616,S2-91100310,S2-157009014
S1-684974736	S2-274193796,S3-275013845
S1-750279127	S3-435130814
S1-209281220	
S1-550154910	S2-225055385,S2-193510687,S2-345568659,S2-906255068,S2-973405019,S3-222306979,S3-622017603,S3-769518935,S3-474644511,S3-79267718,S3-313690656,S3-604883637,S3-243515600,S3-269283294,S3-102646557
S1-897975128	S2-628914147,S3-657521923,S3-450058182,S3-462962560,S2-674483606,S2-873643582,S2-431834266,S3-604980231,S3-464088678,S3-652518072,S3-518579107,S2-229677112,S2-188979997,S2-333597499,S2-298236550
S1-704604312	S2-572406967,S2-634068583,S3-173398261,S3-497775376,S3-755689128,S3-591790934,S3-676615790,S2-292567038,S2-550697952,S2-282913892,S2-177873237,S2-336821634,S2-711854311,S2-55418957,S2-154961257
S1-628750886	S2-336076880,S2-503966344,S2-441692657,S2-613021953,S2-229203598,S2-626468842,S2-169037041,S2-519644358,S2-533000846,S3-556228627,S3-332250323,S3-866935454,S3-230737613,S3-423182087,S3-549736271
S1-714038427	S2-559669701,S2-730294781,S2-235259222,S2-952858710,S2-125955407,S2-568886805,S2-11497933,S2-663959226,S2-806209738,S2-168132027,S2-536451479,S2-854425445,S2-235569498,S2-696588819,S2-269915770
S1-426194890	S2-357180028,S2-533748083,S2-345851534,S3-320488619,S3-932686955,S3-38186343,S2-303061871,S2-45143463,S2-703025452,S2-188422746,S2-649102045,S3-514572990,S3-74764413,S3-20479494,S3-290793692
S1-122385784	S2-356639544,S2-234200980,S2-952858710,S2-31694455,S2-86137182,S2-609571259,S2-651671642,S2-258187741,S2-313536981,S2-784517142,S2-420602042,S3-153388083,S3-414627989,S3-148974528,S3-855164033
S1-540642140	S2-744098365,S2-598312557,S2-103781604,S2-261228864,S2-580599447,S2-418144525,S3-605923847,S2-823489243,S2-257520714,S2-591347284,S3-148974528,S3-996199359,S3-445543631
S1-123475953	S2-292567038,S2-550697952,S2-282913892,S2-177873237,S2-336821634,S2-572406967,S2-711854311,S2-55418957,S2-154961257,S2-895906111,S2-274269958,S2-929103679,S2-25830538,S2-898536195,S2-582157971
S1-444801830	
S1-502376041	S2-551281247
S1-594021398	S2-146545453,S2-819310622,S2-740279975,S2-683268866,S2-81242288,S3-9842107,S3-743729368,S3-864360820,S3-330359437,S3-250625656,S3-841379471,S3-67772613
S1-261170522	S2-903113935,S3-216502740,S2-257828288
S1-466641145	
S1-99245709	
S1-339015166	S2-576201028,S2-788345577,S2-578070986,S3-705276886,S3-89438677,S3-380865889
S1-614259237	S3-776479150,S3-836337426
S1-385801270	S2-676069227,S2-313017868,S2-544508980,S3-290413216,S3-873113499,S3-475503985,S2-697514180,S2-339363122,S2-975502236,S2-613021953,S2-540565178,S2-917596702,S2-769408741,S2-327038228,S2-275916855
S1-334672926	S2-374632896,S2-638268338,S2-241023816,S2-668787001,S2-671100864,S3-916140155,S3-124578688,S3-691688764,S3-103549817,S3-822681999
S1-717749279	S2-968505057,S2-704784114,S2-418900651,S2-883799231,S3-290413216,S3-679747836,S3-293708747,S3-227274147
S1-564662660	S2-513276716,S3-52431464,S2-467863016,S3-59175053,S3-981525185,S3-760719807
S1-41643447	S2-5009845,S3-365302134,S3-90377402
S1-581360597	S2-120420573,S2-664036246,S3-349679455,S2-91064584,S3-68321827,S3-937791576,S3-169844964,S3-524929343,S3-691688764,S2-400190057,S2-980552823,S2-952382616,S2-19953999,S3-540093376,S3-131293205
S1-946184931	S2-976445428,S3-864741808
S1-244940399	
S1-616465752	S2-641757866,S3-949240092,S3-174735914,S3-980590060,S3-201822629,S2-878037834,S2-478128946,S2-906032267,S2-255716908,S3-889671181,S3-337987909,S3-188040886,S2-376908945,S2-676069227,S2-412254468
S1-762904067	S2-322554268,S2-625718384,S2-551467333,S3-243201022,S3-626034570,S3-395400724,S3-769518935,S3-587889709,S3-482486513
S1-261476747	S2-260824873,S2-874226414,S2-412180114,S2-189188919,S3-915560653,S3-868511151,S3-607735741,S3-398254055
S1-874436225	S3-477682199,S2-462183999,S2-737315655,S3-328022966,S3-739649986,S3-652720873,S2-106302105,S2-87473476,S2-48725229,S3-895598264,S3-180087778,S3-232690054,S3-366230515
S1-816918307	S2-284564865,S2-127971493,S2-267512484,S2-927066589,S2-793243336,S2-176219321,S2-360631336,S3-200553210,S3-464507396,S3-106514182,S3-96366507,S3-922550338,S3-800419371,S2-22034959,S3-662721327
S1-52153457	S2-63117139,S2-480897317,S2-453562565,S2-363212751,S2-479154694,S3-185580229,S3-783337925,S3-977845400,S3-945390736,S3-652518072,S3-473443522,S3-66101661,S3-870947009,S3-621019792,S3-982819140
S1-867332501	
S1-969300060	S2-459485143,S2-823495263,S2-441692657,S2-908079681,S2-609659586,S2-952403763,S2-952109285,S3-64316370,S3-892547456
S1-930501805	S2-656634043,S3-336878626,S2-226111615,S3-925887761
S1-474452362	S2-340420883,S2-609571259,S2-949729542,S2-864742293,S2-409548110,S2-401195970,S2-454860021,S3-740622432,S3-251522598,S3-568985509,S3-683039104,S3-278471721,S2-358906668,S2-939985815,S3-937791576
S1-802731895	S2-462183999,S2-388594236,S2-313955120,S2-327788815,S2-210463649,S2-182040116,S3-521921590,S3-50374457,S3-693984318,S3-605289520,S3-112556658,S3-217903829,S3-552218493,S3-314949558,S3-366413508
S1-39733947	S3-593556662,S2-559669701,S2-730294781,S2-235259222,S2-952858710,S2-125955407,S2-568886805,S2-11497933,S2-663959226,S2-806209738,S2-168132027,S2-536451479,S2-854425445,S2-235569498,S2-696588819
S1-807424751	S2-927555880,S2-905827553,S2-91100310,S2-906255068,S2-81242288,S2-361094954,S2-972432542,S2-186023919,S2-299877054,S2-257271386,S2-862611244,S2-464655979,S3-922191827,S3-795001586,S3-777026034
S1-269499779	S3-331435880,S2-530685908,S2-759764530,S2-225122945,S2-232272231,S2-654562074,S2-483583787,S2-516174026,S2-66101295,S2-906594195,S2-736586353,S2-727695265,S2-284564865,S2-734979295,S2-39872285
S1-574528784	S2-416493275,S2-623503570,S2-741112525,S3-904293301,S3-209848207,S3-268717921
S1-402621048	S3-908148625,S3-336697476,S2-761740572,S2-981369013,S2-979096206,S2-192816498,S2-270743332,S2-372517599,S2-675955548,S2-355472565,S2-7204821,S2-113424163,S2-457753565,S3-481758921,S3-872013487
S1-684202485	S2-600460285,S2-214939320,S2-704180517,S2-202662079,S2-994099264,S2-658065717,S3-116557348,S3-796316024,S3-311145376,S3-155137912,S2-752369607,S2-721675766,S2-167404095,S2-978100588,S2-669641587
S1-85238196	S2-909860651,S2-597634181,S3-937140604,S3-713832596,S3-20921507
S1-569369299	
S1-559615219	S2-608761794,S2-424973236,S2-985874682,S3-605637697,S3-814687988,S3-902848209,S3-558280186,S2-258890831,S2-506313032,S2-782078221,S2-806209738,S3-528485292,S3-566949914,S3-849298897,S3-325525872
S1-684318101	S2-258890831,S2-205836707,S2-741250223,S2-553541002,S2-676064797,S3-895523392,S3-790734025
S1-503487168	S2-875724478,S2-169727784,S2-340880073,S2-153968942,S2-641374867,S2-190625204,S2-621647415,S2-871144252,S2-73195347,S2-932156987,S2-789287093,S2-114824940,S2-684849811,S2-446572169,S2-919703139
S1-967139755	
S1-983819279	S2-847911491,S3-341608004
S1-577269922	S3-513583430
S1-87832748	S2-471712099,S2-193013091,S2-280607105,S3-389830698,S3-583976846,S3-433377070
S1-295346696	S2-514477715,S2-883799231,S3-839414204,S3-815098380,S3-64316370,S2-938065576,S2-188368209,S2-885902447,S2-612069316,S2-226172365,S2-404007568,S2-220935682,S2-654351673,S2-396840544,S3-203608044
S1-252468250	S2-784046963,S2-451247253,S3-960416326,S3-658437431,S3-783337925,S3-971533008,S3-871418696
S1-781801397	
S1-669434847	S2-440948455,S2-306547398,S2-267512484,S2-344390896,S2-830645124,S2-211278332,S2-451247253,S2-842539999,S3-355846923,S3-714598410,S3-703660917,S3-589030069,S3-75303277,S3-915606609,S3-947882205
S1-570053103	S2-692619586
S1-736469556	S2-77137709,S2-905827553,S2-388594236,S3-549298,S3-909974680,S3-333411132,S3-220850190,S3-313571716
S1-483126440	S2-85470349,S2-214168322,S2-138374856,S2-30048306,S3-501478524,S3-74872076,S3-649166684,S3-481517312,S3-5049219,S3-947822162,S3-19378396,S3-239214616,S2-505281043,S3-338692931,S3-37392694
S1-270951405	S2-94145774,S2-54101700,S2-671019678,S2-30931575,S2-730055337,S2-960602386,S2-212835906,S2-552232981,S2-100989007,S2-853562443,S2-164012387,S2-342141197,S2-378099609,S2-965609781,S2-24986701
S1-520799361	S2-451766122,S2-857275799,S3-244937340,S2-226111615,S2-798589387,S2-235534560,S2-109800469,S2-677560540,S3-901997932,S3-360310067,S3-726527220
S1-81033582	S2-158121477,S2-262646344,S2-70822028,S2-376908945,S2-40274524,S2-912224990,S2-905094783,S2-306997710,S2-813841226,S2-503202602,S2-931507841,S2-495837003,S2-219631774,S2-949114019,S2-676131215
S1-56410032	S2-584760377,S2-342720491,S2-498001172,S2-595735456,S2-577525890,S2-191737075,S2-947488596,S2-214746945,S2-373250181,S3-179214561,S3-354195606,S3-16078484,S3-797598442,S3-631007358,S3-815706232
S1-518847572	S2-783082192,S2-970876570,S3-806209375,S3-669833783,S3-356347371,S3-162815052
S1-776267063	S2-428495612,S2-352214657,S2-192795894,S3-133783605,S3-42470109,S3-676594819
S1-35309228	S2-559077785,S3-122077614,S3-664669292,S3-149275720,S3-39219004,S3-919058692,S2-278570858,S2-187743820,S2-595265518,S2-103781604,S2-827108193,S2-884040388,S3-27773734,S3-500389439
S1-493139457	S2-872782933,S2-960258531,S2-830131819,S2-558211503,S2-956867829,S2-450649420,S3-266018996,S3-399738814,S3-955767277
S1-895087526	S2-765689508,S2-85673195,S2-9185162,S2-138070868,S2-404433856,S2-909026146,S2-203520208,S2-619262991,S3-973665746,S3-134959390,S3-216167133
S1-829126727	S2-170890750,S2-550277993,S3-900511946,S2-633888738,S2-198322712,S2-805068624,S2-587119929,S3-966230926,S3-841034461,S3-841734573,S3-747274804,S3-676942890,S2-674544983,S2-120300748,S3-890827221
S1-457973373	S2-326224715,S3-580891382,S2-260824873,S2-874226414,S2-412180114,S2-189188919,S3-915560653,S3-868511151,S3-607735741,S3-398254055,S2-575142052,S2-595491693,S2-775523121,S2-445598380,S2-769408741
S1-74852342	
S1-280936763	
S1-999165514	S2-867640379,S3-724869974,S3-674272045,S3-619815954
S1-395055615	S3-664158078,S3-559013133
S1-862701045	
S1-674871004	S2-193510687,S2-118916909,S2-773257998,S2-417275383,S2-305089827,S2-117184155,S2-666810841,S3-464265492,S3-986560205,S3-572432762,S3-640375681,S3-986739557,S3-884473350,S3-425715498,S3-830619303
S1-287307821	S2-225055385,S2-193510687,S2-345568659,S2-906255068,S2-973405019,S3-222306979,S3-622017603,S3-769518935,S3-474644511,S3-79267718,S3-313690656,S3-604883637,S3-243515600,S3-269283294,S3-102646557
S1-273768056	S2-478128946,S2-878037834,S2-906032267,S2-255716908,S2-641757866,S3-889671181,S3-949240092,S3-174735914,S3-337987909,S3-188040886,S3-980590060,S2-630783962,S2-392595553,S2-993515161,S2-53149930
S1-323395452	S3-74694705,S2-166809876,S2-260494879,S2-434336539,S2-516174026,S2-940366297,S2-191963917,S2-307656815,S2-56354930,S2-191311189,S2-712852603,S2-512188154,S2-985262675,S2-355900344,S2-766079823
S1-4144001	S2-741133761,S2-670181184,S2-287776873,S3-22088661,S3-255739917,S3-983828506,S3-671275337,S3-712420996,S3-775062743,S3-273237275
S1-512210875	S2-679511832,S2-638377361,S2-160986084,S3-255739917,S3-605923847,S3-660173531,S2-912619584,S3-469272577,S3-473084249
S1-143287441	S3-286512684
S1-351656683	S2-949114019,S2-676131215,S3-234659501,S3-887175722,S2-158121477,S2-262646344,S2-70822028,S2-376908945,S2-40274524,S2-912224990,S2-905094783,S2-306997710,S2-813841226,S2-503202602,S2-931507841
S1-83258310	S2-878037834,S2-906032267,S2-255716908,S3-889671181,S3-337987909,S3-188040886,S3-300408577,S2-478128946,S2-641757866,S3-949240092,S3-174735914,S3-980590060,S2-108012128,S2-441692657,S2-482993395
S1-126274111	
S1-991875825	S2-753125951,S2-147498899,S2-345851534,S3-760959067,S3-794713116,S3-643926722,S2-304989017,S3-391823164,S3-795106375,S3-820273363,S3-59390885
S1-219350089	S2-519059543,S2-450192914,S2-168132027,S2-827982690,S3-331873108,S3-257698168,S2-730294781,S2-933865098,S2-411773002,S2-927573547,S2-972087927,S2-895992482,S2-699920476,S2-609571259,S2-239070834
S1-476026008	S2-121764179,S3-913148143,S3-736517206,S3-265359996,S3-192887240
S1-595583207	S2-400190057,S2-271875776,S2-714953620,S3-265204232,S3-98855106,S3-54849170,S3-524929343,S3-514572990
S1-660977005	S2-193510687,S2-118916909,S2-773257998,S2-417275383,S2-305089827,S2-117184155,S2-666810841,S3-464265492,S3-986560205,S3-572432762,S3-640375681,S3-986739557,S3-884473350,S3-425715498,S3-830619303
S1-106130112	S3-677098350,S2-559669701,S2-730294781,S2-235259222,S2-952858710,S2-125955407,S2-568886805,S2-11497933,S2-663959226,S2-806209738,S2-168132027,S2-536451479,S2-854425445,S2-235569498,S2-696588819
S1-383508132	S2-582539737,S3-234659501,S2-13335169,S3-28391425,S2-566025912,S2-335122263,S2-107820820,S3-815098380,S3-738601650,S3-398254055,S3-420754910,S2-620079742,S2-601469928,S2-770493466,S2-274657814
S1-960747316	S2-342790091,S2-148614998,S2-403476558,S2-717201533,S2-401513784,S2-971378991,S2-310322327,S2-639170764,S2-841480505,S2-380877204,S2-646027073,S2-622963047,S2-724700602,S2-353434441,S2-169671873
S1-78181547	S2-235259222,S2-242438985,S3-937510720,S3-222120,S3-855034013,S3-468731115
S1-44674670	S3-699367647,S3-2378515,S2-528929761,S2-916015676,S2-39872285,S2-540182433,S2-782561431,S2-392578068,S2-299877054,S2-36616184,S3-179099570,S3-195976462,S3-108111278,S3-219316014,S3-223843979
S1-712639027	S2-308418230,S2-503434250,S3-436480804,S3-547831888,S3-908148625,S3-622182382,S3-553774195,S2-530685908,S2-393902595,S2-727695265,S2-435938329,S2-972432542,S2-771017518,S3-347087196,S3-900511946
S1-875777939	S3-968408145,S3-260280729,S2-806209738,S2-737499898,S2-150268141,S3-545765346,S3-514174091,S3-38197713,S3-273133357,S3-304530964,S2-782078221,S2-225002758,S2-233626843,S2-204417353,S2-877531568
S1-906720062	S3-360915051,S2-925400951,S2-973405019,S3-222306979,S3-977845400,S2-767997013,S2-654562074,S2-773257998,S2-185048111,S2-988819067,S2-659432589,S2-597052728,S2-784233824,S2-721912112,S2-941338685
S1-868609391	S3-985177020,S2-838274938,S3-878685988
S1-842551642	S2-744384640,S2-65284847,S2-491729969,S3-135907540,S3-101036051,S3-817161138,S3-668979909,S3-419085785
S1-977549219	S3-507043143,S3-484994752,S3-281837290,S2-308862519,S2-436503412,S2-296064086,S3-219206801,S3-913148143,S3-546731906,S3-376422541
S1-345501851	S2-878037834,S2-906032267,S2-255716908,S3-889671181,S3-337987909,S3-188040886,S2-478128946,S2-641757866,S3-949240092,S3-174735914,S3-980590060,S2-108012128,S2-441692657,S2-482993395,S2-965682240
S1-465557953	S3-664669292,S2-912619584,S3-469272577,S3-473084249
S1-548433616	S2-522562820,S3-777418870,S3-664375045,S3-759564257,S3-121571566,S2-791264119,S2-141777222,S2-875720106,S2-304996074
S1-542615632	
S1-396150929	S2-160823657,S2-412254468,S2-234605140,S2-167452033,S3-509005412,S3-306853514,S3-85916803,S3-165763338,S3-284453472,S3-541726414,S2-968505057,S2-704784114,S2-418900651,S2-883799231,S3-290413216
S1-370806262	
S1-149784022	S2-269300058,S2-429414207,S2-357180028,S2-980281177,S3-45364968
S1-208197675	S2-146545453,S2-819310622,S2-740279975,S2-683268866,S2-81242288,S3-9842107,S3-743729368,S3-864360820,S3-330359437,S3-250625656,S3-841379471,S3-67772613
S1-621024	S2-378851466,S2-663959226,S2-806209738,S2-690368889,S2-737499898,S2-498001172,S2-7365596,S2-836553957,S2-150268141,S2-454447953,S2-712158694,S2-666316775,S2-909860651,S2-879745998,S2-418144525
S1-479716586	
S1-73366741	S3-875498002
S1-866981273	S2-764631357,S2-743560781,S3-294208174
S1-48247433	S2-511146838
S1-139090022	S2-949044369,S2-545840360,S2-103020894,S3-415590169,S3-626034570,S3-274868813,S3-871418696,S3-476331583,S3-340665809,S3-326861904
S1-503254241	S3-237604674,S3-870097276,S2-980384882,S2-308793333,S3-368853565,S3-975861198
S1-102847291	S2-572406967,S2-853578683,S2-214168322,S2-726616192,S2-690275089,S3-689205085,S3-577689079,S3-51353956,S3-845342470,S3-206209303,S3-228318557
S1-619110488	S2-517642599,S2-826608782,S2-277600738,S3-940132125,S3-890827221,S3-94821688,S2-308418230,S2-66101295,S2-478939888,S2-407777610,S3-945362795,S3-768621721,S3-258295008
S1-623031914	S2-782078221,S3-691294985,S3-481581345,S2-225002758,S2-233626843,S2-204417353,S2-877531568,S2-802693248,S2-91064584,S3-331873108,S3-354193409,S3-968408145,S3-187865546,S3-260280729,S2-520641242
S1-215270294	S3-148974528,S2-823489243,S2-257520714,S2-591347284,S3-996199359,S2-234200980,S2-952858710,S2-31694455,S2-86137182,S2-609571259,S2-651671642,S2-258187741,S2-313536981,S2-784517142,S2-420602042
S1-762005078	S2-877531568,S2-424721957,S2-754241534,S3-354195606,S3-20762321,S3-18847156,S3-935354109,S3-28322732,S2-449438476,S2-553274633,S2-168699267,S2-644642765,S2-424599291,S2-713555570,S2-884040388
S1-983603694	S2-274269958,S2-672392100,S2-59192725,S2-883819340,S2-808542221,S2-187886516,S2-991869053,S2-774940874,S3-267516505,S3-927656784,S3-17568830,S3-266793754,S3-577689079,S3-799263023,S3-502443905
S1-437281614	S2-991288907,S2-878103105,S3-749494147,S3-856896406,S3-762723566,S3-221443476,S3-442566277
S1-590781135	S2-106040943,S2-641777383,S2-704326493,S2-655877016,S3-976515721,S3-60718083,S2-266529850,S2-539204540,S3-858397119,S3-441474393
S1-423414451	S2-867640379,S3-724869974,S3-674272045,S3-619815954
S1-847114478	S2-868579348,S2-275369766,S2-299685676,S2-569777652,S3-75604340,S3-285702562,S3-527256328
S1-526334226	
S1-381894503	S2-929103679,S2-867640379,S3-811459169,S3-148777937,S2-277735731,S3-142722160,S2-292567038,S2-550697952,S2-282913892,S2-177873237,S2-336821634,S2-572406967,S2-711854311,S2-55418957,S2-154961257
S1-313092170	S3-79267718,S3-604883637,S3-269283294,S3-102646557,S2-193510687,S2-345568659,S2-906255068,S2-973405019,S2-225055385,S3-222306979,S3-622017603,S3-769518935,S3-474644511,S3-313690656,S3-243515600
S1-60876864	S2-424599024,S2-478010098,S3-348068567,S3-460759790,S3-586814730,S3-57170148,S3-392593842,S3-277057080,S2-485885002,S2-621647415,S2-424998513,S3-636367698,S3-269283294,S3-340665809,S3-253760122
S1-261642209	S2-108012128,S2-697514180,S2-425334082,S2-595491693,S2-714315001,S2-583114929,S2-975502236,S2-498170125,S2-540565178,S2-580586919,S2-409273301,S2-864537888,S2-742740304,S2-167452033,S2-224171675
S1-78728267	S3-343934684
S1-308199161	S2-424599024,S2-478010098,S3-348068567,S3-460759790,S3-586814730,S3-57170148,S3-392593842,S3-277057080
S1-358927120	S2-544842505,S2-899542587,S2-674483606,S2-597814989,S2-561166959,S2-396538001,S2-117184155,S2-928635359,S3-610536355,S3-623589664,S3-658437431,S3-287052653,S3-7872523,S3-279931227,S3-764958970
S1-337122273	S2-491607559,S2-663700902,S3-662721327,S3-155795126,S3-843493474,S3-833970055,S3-229954420,S3-398743645,S3-37392694,S3-665406219,S3-671760815,S2-619262991,S3-50374457,S3-336697476,S3-922550338
S1-650650055	S2-127971493,S3-473443522,S2-313905133
S1-834257002	S2-226111615,S2-798589387,S2-235534560,S2-109800469,S2-677560540,S3-901997932,S3-360310067,S3-726527220,S2-508391784,S3-887487461
S1-937349180	S2-240202044,S2-681236478,S2-372153637,S2-912619584,S3-695973055,S3-46611218,S3-221408798,S3-622017468,S2-465143244,S2-342655156,S2-134222053,S2-792088810,S2-209534431,S3-289567021,S3-856896406
S1-725006887	
S1-820730560	S2-104187102,S2-28901364,S2-882229437,S2-640220497,S3-412997909,S2-933865098,S2-519059543,S2-411773002,S2-927573547,S2-972087927,S2-895992482,S2-699920476,S2-609571259,S2-239070834,S2-371153547
S1-47803313	
S1-385569722	
S1-453884385	S2-750187901,S2-497654662,S2-752749962,S2-199451665,S2-499241193,S2-568107961,S2-324022434,S2-699016702,S2-884050157,S3-892319511,S3-788075081,S3-870558068,S3-872205830,S3-48049419,S3-875387990
S1-650304466	S2-54101700,S2-867917626,S2-323998042,S2-533939583,S2-591480430,S3-577819796,S3-908996282,S3-857098921,S3-106171259,S3-218347279,S3-165479965,S2-980127632,S3-843493474,S3-662462001,S3-28487348
S1-762839052	S2-462183999,S2-388594236,S2-313955120,S2-327788815,S2-210463649,S2-182040116,S3-521921590,S3-50374457,S3-693984318,S3-605289520,S3-112556658,S3-217903829,S3-552218493,S3-314949558,S3-366413508
S1-550679918	S2-94145774,S2-54101700,S2-671019678,S2-30931575,S2-730055337,S2-960602386,S2-212835906,S2-552232981,S2-100989007,S2-853562443,S2-164012387,S2-342141197,S2-378099609,S2-965609781,S2-24986701
S1-659666950	S2-485885002,S2-621647415,S2-424998513,S3-636367698,S3-269283294,S3-340665809,S3-253760122
S1-772914073	S2-283264445,S2-231978756,S2-845929300,S2-587679768,S2-264951839,S2-426121095,S3-640375681,S3-727410626,S3-815796924,S3-203046930,S3-982489229,S3-155279112
S1-860482342	S2-857275799,S2-451766122,S3-244937340,S2-730294781,S2-608761794,S2-853058328,S2-949729542,S2-799535785,S2-263212704,S2-840963972,S2-926735122,S3-289567021,S3-797381132,S3-937791576,S3-379094706
S1-813052697	S2-48725229,S2-110979820,S2-674544983,S3-963242645,S3-56250000,S3-340665809,S2-630672871,S2-652123638,S2-46192313,S2-157523293,S2-150840866,S2-25938247,S3-73958887,S3-641559642,S3-728858959
S1-366528589	S2-210791875,S2-44209004,S2-175042336,S2-36390503,S2-662724974,S2-783207344,S2-813354914,S2-223811318,S2-27616304,S2-152788669,S2-91969961,S2-588922526,S2-772259224,S2-801803015,S2-691145010
S1-720336913	S2-158121477,S2-262646344,S2-70822028,S2-376908945,S2-40274524,S2-912224990,S2-905094783,S2-306997710,S2-813841226,S2-503202602,S2-931507841,S2-495837003,S2-219631774,S2-949114019,S2-676131215
S1-640880009	S2-402667390,S2-20473893
S1-887500171	S2-239070834,S3-456593429,S3-422815078,S3-304530964,S3-521783865,S3-733735582,S3-540093376,S3-553611635,S2-879745998,S3-101707804,S2-723774212,S2-691792431,S2-378851466,S2-663959226,S2-806209738
S1-971996731	S2-274269958,S2-672392100,S2-59192725,S2-883819340,S2-808542221,S2-187886516,S2-991869053,S2-774940874,S3-267516505,S3-927656784,S3-17568830,S3-266793754,S3-577689079,S3-799263023,S3-502443905
S1-104317115	S3-368878502,S2-393902595,S2-947896922,S2-39306652,S2-92947617,S3-96795509,S3-841734573,S3-245921597,S3-358432918,S3-542159634,S3-61963480,S3-866811231,S3-200662409,S3-119104424,S3-841369747
S1-518257638	S2-911310489,S2-290816981,S2-856802130,S2-110279997,S2-313190120,S3-605298651,S3-307774530,S3-361986145,S3-74785845,S3-398829194
S1-884660527	S2-298281864,S3-966662001,S3-415820845
S1-910004085	S2-835489415,S2-5882373,S2-802693248,S2-580599447,S3-661249181,S3-69105812,S3-971953221,S3-342523923
S1-591894902	S2-308862519,S2-731957285,S3-405882266,S3-665900009
S1-142638295	S2-336076880,S2-503966344,S2-441692657,S2-613021953,S2-229203598,S2-626468842,S2-169037041,S2-519644358,S2-533000846,S3-556228627,S3-332250323,S3-866935454,S3-230737613,S3-423182087,S3-549736271
S1-950720921	S2-87473476,S2-805068624,S3-246690251,S3-945390736,S3-114072012
S1-183285524	S2-757903279,S3-68873274
S1-714649207	S2-633888738,S2-170890750,S2-198322712,S2-805068624,S2-587119929,S3-966230926,S3-841034461,S3-841734573,S3-747274804,S3-676942890,S2-212835906,S2-753945924,S2-235808422,S2-545840360,S3-210636387
S1-841168517	
S1-819898451	S2-905094783,S2-412254468,S2-234605140,S3-85916803,S3-132042998,S2-532926411,S3-887718222,S3-793481424,S2-160823657,S2-167452033,S3-509005412,S3-306853514,S3-165763338,S3-284453472,S3-541726414
S1-949091955	S2-562716881,S2-799535785,S2-663561838,S2-508391784,S2-799025344,S2-671292051,S3-990277305,S3-244937340,S3-523978854,S3-803351005,S3-65154771
S1-552966879	S2-270743332,S2-761740572,S2-981369013,S2-979096206,S2-192816498,S2-372517599,S2-675955548,S2-355472565,S2-7204821,S2-113424163,S2-457753565,S3-481758921,S3-336697476,S3-872013487,S3-908148625
S1-220057580	S2-731381882,S2-273599220,S2-718494723,S2-569627166,S2-348013081,S3-876305239,S3-942611768,S3-927491453,S3-121588968,S3-768957450,S3-455068850,S3-326861904
S1-64462728	S2-124355652,S2-256206990,S2-477732440,S2-442790965,S2-795335462,S2-245492787,S2-782532258,S2-150274944,S3-526709055,S3-382077226,S3-532782484,S3-879002896,S3-801675197,S3-472669814,S3-17584470
S1-807938084	S3-908996282,S2-138331307,S2-994099264,S2-395171961,S3-915330451,S3-260946793,S3-737664007,S3-17678176,S3-176169543,S3-544100996,S3-447259837,S3-823935201
S1-693870315	S3-986739557,S2-193192546,S2-442251246,S2-95876908,S3-144784336,S3-819591530,S3-107976059,S2-193510687,S2-118916909,S2-666810841,S3-640375681,S3-884473350,S3-425715498,S3-768957450,S2-861250096
S1-455827432	S2-672392100,S2-808542221,S3-125349995,S2-274269958,S2-59192725,S2-883819340,S2-187886516,S2-991869053,S2-774940874,S3-267516505,S3-927656784,S3-17568830,S3-266793754,S3-577689079,S3-799263023
S1-527611593	S2-305637735,S2-23519898,S2-444544903,S2-284570733,S2-438565549,S2-218619721,S2-389646822,S2-146193186,S2-137707160,S2-73405617,S2-551128687,S2-832266307,S2-771092155,S2-402379517,S3-727698517
S1-727773972	S2-651211121,S2-192026730,S2-350098794,S2-906842440,S3-100799892,S3-13089909,S2-127755733,S3-922632740
S1-279446676	S2-663749793
S1-918109974	S3-417315037
S1-615018738	S2-112287031,S2-699224357,S2-275882814,S2-340444360,S2-956952534,S2-582539737,S2-864537888,S2-372482270,S2-470324870,S2-306020913,S2-592883143,S2-522562820,S3-780090761,S3-538370350,S3-969662978
S1-666592077	S3-833970055,S2-491607559,S2-663700902,S3-662721327,S3-155795126,S3-843493474,S3-229954420,S3-398743645,S3-37392694,S3-665406219,S3-671760815,S3-515717408,S3-481622772,S3-131889640
S1-509532493	S2-703096481,S2-125955407,S2-951148549,S2-199280788,S2-566841305,S2-327310910,S2-12121003,S2-373250181,S2-569777652,S3-150632472,S3-833076537,S3-101242901,S3-669010879,S3-691688764,S3-239183408
S1-992285010	S2-884040388,S3-221443476
S1-382076507	S2-225122945,S2-146545453,S2-273599220,S2-545840360,S3-623589664,S3-217903829,S3-532235489,S3-81098585,S3-756831859,S3-544100996,S2-905827553,S2-91100310,S2-906255068,S2-81242288,S2-361094954
S1-185535466	S2-51615186,S2-857275799,S2-497654662,S2-568605,S2-895992482,S2-595735456,S2-77668832,S2-857724735,S2-179052007,S2-508429923,S3-995796854,S3-912471660,S3-57664006,S3-716879886,S3-746345646
S1-799535694	S2-225055385,S2-193510687,S2-345568659,S2-906255068,S2-973405019,S3-222306979,S3-622017603,S3-769518935,S3-474644511,S3-79267718,S3-313690656,S3-604883637,S3-243515600,S3-269283294,S3-102646557
S1-598558953	S3-467616579,S2-682586639
S1-222645796	S2-32964322
S1-192481319	S2-193510687,S2-118916909,S2-666810841,S3-640375681,S3-986739557,S3-884473350,S3-425715498,S2-305089827,S2-861250096,S2-45697125,S2-193192546,S2-980127632,S3-454284148,S3-17584470,S3-364797912
S1-413573159	S2-559077785,S3-122077614,S3-664669292,S3-149275720,S3-39219004,S3-919058692,S3-354193409
S1-782634160	S2-898271371,S2-485280761,S3-130446024,S2-446219150,S2-886484247,S3-577972146,S3-652441284,S3-293352282,S3-672416619,S2-292567038,S2-550697952,S2-282913892,S2-177873237,S2-336821634,S2-572406967
S1-394334841	
S1-759762834	S2-919585353,S2-188979997,S2-424599024,S2-950170744,S3-516583759,S3-330359437,S3-741815994,S3-406452547,S3-805987623,S3-436046914,S3-344876478,S3-689468380
S1-653070765	S2-86010362
S1-94096071	S2-129068134,S3-522092597
S1-682391735	S3-835032939,S3-647610122,S3-722123078
S1-559968662	S2-292567038,S2-550697952,S2-282913892,S2-177873237,S2-336821634,S2-572406967,S2-711854311,S2-55418957,S2-154961257,S2-895906111,S2-274269958,S2-929103679,S2-25830538,S2-898536195,S2-582157971
S1-964877324	
S1-883416047	S2-348424823,S3-517069981,S3-288440193,S3-477682199,S3-198508352,S3-759411378,S3-671760815,S2-308418230,S2-66101295,S2-478939888,S2-407777610,S3-945362795,S3-768621721,S3-258295008
S1-182458975	S3-45364968,S2-200306868,S2-979401692,S2-89660732,S3-870588828,S3-170176936,S3-472293246,S3-657235525,S3-426380417,S3-404994421,S3-743301641
S1-339269492	S2-439055696,S2-141345465,S2-269915770,S2-769905076,S2-734527330,S2-708322486,S3-394904935,S3-956529663,S2-129068134,S3-522092597
S1-621676240	S3-665811613
S1-103138354	S2-823489243,S3-282321912,S2-867346039,S2-266529850,S2-476468994,S2-646937648,S2-118015442,S3-742570614,S3-259830276
S1-279963953	S2-666652825,S2-471712099,S2-622752249,S2-695952869,S3-863521415,S3-429040708,S3-391823164,S3-131293205,S3-867086595,S3-551376392
S1-317707487	S2-389417235,S3-796280583,S3-34970829,S2-737024848,S2-420530612,S3-677098350,S3-827776680,S3-403322538,S3-583410329,S3-880803289,S3-395633547
S1-391244573	S2-138331307,S2-994099264,S2-395171961,S3-915330451,S3-260946793,S3-737664007,S3-17678176,S3-176169543,S3-544100996,S2-919585353,S2-188979997,S2-424599024,S2-950170744,S3-516583759,S3-330359437
S1-603458137	S2-208890076,S2-565787935,S3-186875006,S3-533630743,S2-864197444
S1-429550703	S2-199559681,S2-769651124,S2-670266169,S3-198009537,S3-169844964,S3-601066570,S3-361347443
S1-302219416	S2-899542587,S2-674483606,S2-597814989,S2-561166959,S2-396538001,S2-117184155,S2-928635359,S2-544842505,S3-610536355,S3-623589664,S3-658437431,S3-287052653,S3-7872523,S3-279931227,S3-764958970
S1-693956169	S3-887718222,S2-514477715,S2-883799231,S3-839414204,S3-815098380,S3-572176821,S2-676069227,S2-847687010,S2-544508980,S3-201822629,S3-997870187,S2-905094783,S2-532926411,S3-793481424,S2-938065576
S1-837916944	S2-566025912,S2-521049331,S2-645886241,S2-335122263,S2-107820820,S2-28211372,S2-514477715,S2-660792558,S2-883799231,S2-620079742,S3-818722089,S3-28391425,S3-869217790,S3-944706854,S3-839414204
S1-336786786	S3-60718083,S2-641777383,S2-106040943,S2-704326493,S2-655877016,S3-976515721,S2-85144335,S2-234992726,S2-681261480,S2-709603439,S2-424599291,S2-679408849,S3-870558068,S3-631466617,S3-932686955
S1-800911534	S2-375151053,S2-365604487,S3-924601071,S2-950950353
S1-181883447	S2-918973885,S2-367421312,S3-867263634,S3-64810791,S3-107757096,S3-870867359
S1-1433093	S2-424599024,S2-478010098,S3-348068567,S3-460759790,S3-586814730,S3-57170148,S3-392593842,S3-277057080,S2-22034959,S3-662721327,S3-801858031
S1-733472967	S2-54101700,S2-867917626,S2-323998042,S2-533939583,S2-591480430,S3-577819796,S3-908996282,S3-857098921,S3-106171259,S3-218347279,S3-165479965,S2-245651045,S2-464655979
S1-89100953	S2-972087927,S2-411773002,S2-980552823,S2-206048699,S2-666316775,S2-484297731,S3-776030941,S2-331483512,S2-234080446,S2-903928497,S2-373250181,S3-995796854,S3-568974033,S3-274864221,S3-625204166
S1-848293840	S2-976793661,S2-32792012,S2-973074537,S2-324022434,S2-451766122,S3-741835199,S3-892319511,S3-781299150,S3-217427762,S3-936888058,S3-711430755,S3-546809841,S3-762840029,S3-733871528,S2-656634043
S1-17003766	S2-704784114,S3-290413216,S2-575142052,S2-468490076,S2-676069227,S2-313017868,S2-544508980,S3-873113499,S3-777809192,S3-475503985,S3-792338930,S3-48455465,S3-124254474,S2-968505057,S2-418900651
S1-915512126	S2-248821054,S2-672061424,S2-858549926,S3-601066570,S2-200306868,S2-887992542,S2-695952869,S2-420530612,S2-225875508,S3-797337828,S2-439055696,S2-141345465,S2-269915770,S2-769905076,S2-734527330
S1-901504091	S3-902848209,S2-855379701,S3-683039104,S3-969206052
S1-724741475	S2-744098365,S2-598312557,S2-103781604,S2-261228864,S2-580599447,S2-418144525,S3-605923847,S2-171518968,S3-788560690,S3-445543631
S1-851421910	S2-685765159,S3-315427726,S3-846104867
S1-430298053	S2-365487618,S2-577253485,S2-607335711,S3-509957303,S3-586684390,S3-31882713,S3-860232672
S1-307277652	S2-290662910,S3-360310067,S2-331483512,S2-972087927,S2-234080446,S2-903928497,S2-373250181,S3-995796854,S3-568974033,S3-274864221,S3-625204166,S3-462612360,S3-809001449,S3-220988582
S1-503010787	S2-146545453,S2-819310622,S2-740279975,S2-683268866,S2-81242288,S3-9842107,S3-743729368,S3-864360820,S3-330359437,S3-250625656,S3-841379471,S3-67772613,S2-485885002,S2-621647415,S2-424998513
S1-520627257	S3-184174096,S2-329302072,S2-989542032,S3-543939305
S1-667272642	S3-572176821,S2-905094783,S2-532926411,S3-887718222,S3-793481424,S2-23519898,S2-148614998,S2-613021953,S2-982792981,S2-726853276,S2-229203598,S2-107820820,S2-316408335,S2-310322327,S2-387588469
S1-827961773	S2-566025912,S2-521049331,S2-645886241,S2-335122263,S2-107820820,S2-28211372,S2-514477715,S2-660792558,S2-883799231,S2-620079742,S3-818722089,S3-28391425,S3-869217790,S3-944706854,S3-839414204
S1-255349799	S2-292567038,S2-550697952,S2-282913892,S2-177873237,S2-336821634,S2-572406967,S2-711854311,S2-55418957,S2-154961257,S2-895906111,S2-274269958,S2-929103679,S2-25830538,S2-898536195,S2-582157971
S1-418524279	S2-566025912,S2-521049331,S2-645886241,S2-335122263,S2-107820820,S2-28211372,S2-514477715,S2-660792558,S2-883799231,S2-620079742,S3-818722089,S3-28391425,S3-869217790,S3-944706854,S3-839414204
S1-661144640	S2-551467333,S2-446219150,S2-898271371,S2-485280761,S2-886484247,S3-577972146,S3-652441284,S3-293352282,S3-130446024,S3-672416619,S2-322554268,S2-625718384,S3-243201022,S3-626034570,S3-395400724
S1-892745196	
S1-751409146	S2-884102769,S2-258360599,S2-358836213,S2-361850482,S3-794951235,S3-726147053,S3-507043143,S3-644424345,S3-660132186,S3-692552074,S3-669010879,S3-261199427,S3-428978989
S1-13506955	
S1-262020943	S2-779171736
S1-746909581	S2-396538001,S2-899542587,S2-674483606,S2-597814989,S2-561166959,S2-117184155,S2-928635359,S2-544842505,S3-610536355,S3-623589664,S3-658437431,S3-287052653,S3-7872523,S3-279931227,S3-764958970
S1-481776787	S2-583840796,S2-862000237,S2-119341457,S2-607335711,S2-948180855,S3-249624801,S3-739386281,S3-991179212,S3-605278522,S3-553384344,S2-439055696,S2-714953620,S2-645330149,S2-308793333,S3-16078484
S1-870654726	S3-135907540,S2-65284847,S2-491729969,S2-744384640,S3-101036051,S3-817161138,S2-170192254,S3-602802704,S3-54849170,S3-58435931,S3-188434105
S1-459183905	S3-809001449,S2-927573547,S2-952382616,S2-371153547,S2-191737075,S2-261228864,S2-850775657,S2-188255663,S2-373250181,S2-158678843,S3-790378506,S3-382328733,S3-552599122,S3-510694856,S3-466990124
S1-782456413	S2-226188917,S3-287052653,S3-975766430,S3-988733475,S3-768621721,S3-361903786
S1-687813152	S2-741250223,S2-319595732,S2-279347296,S3-828183554
S1-528962373	S2-89663826,S2-123627795,S2-181305222,S2-105890899,S3-279715184,S3-290793692,S3-794713116,S3-467616579
S1-133484055	S2-336678677
S1-784673398	S2-261771601,S2-387588469,S2-509829201,S3-523932436,S3-193565030,S3-339391778,S3-42046426,S2-657179901
S1-162954117	S2-367817806,S2-590554293,S2-789698410,S2-328922214,S2-20595754,S2-223811318,S2-11474807,S2-34516684,S2-257271386,S2-47254895,S3-521066083,S3-444717485,S3-106428443,S3-358432918,S3-607162390
S1-547053441	S3-922632740
S1-302536542	S2-317480348,S2-577711295,S2-126819365,S3-581288707,S2-633888738,S2-344390896,S2-740279975,S2-157523293,S3-586814730,S3-379506900,S3-871571117,S3-299416924,S3-227184579
S1-457601305	S2-292567038,S2-550697952,S2-282913892,S2-177873237,S2-336821634,S2-572406967,S2-711854311,S2-55418957,S2-154961257,S2-895906111,S2-274269958,S2-929103679,S2-25830538,S2-898536195,S2-582157971
S1-488635826	S2-395778865,S3-695973055,S2-228370756
S1-349698918	S2-867324975,S2-199451665,S2-800675490,S2-433684739,S2-19953999,S2-255281915,S2-241699195,S3-916140155,S3-953947930,S3-527660042,S3-229963061
S1-72706873	S2-638268338,S2-241023816,S2-668787001,S2-671100864,S3-916140155,S3-124578688,S3-691688764,S3-103549817,S3-822681999,S3-629743833,S2-933865098,S2-519059543,S2-411773002,S2-927573547,S2-972087927
S1-78029452	S2-255462901,S3-328729045,S3-786486947,S3-844949604
S1-717385838	S2-782078221,S2-51615186,S2-702263933,S2-696890340,S2-713555570,S2-681271230,S2-418144525,S2-565272097,S3-691294985,S3-576703765,S3-481581345,S3-657919288,S3-101242901,S3-172266482,S3-968990105
S1-11379912	S2-805826813,S3-950311269,S2-940559356
S1-655700316	S3-358955723,S3-903397845
S1-484349079	
S1-595486290	S3-233634101,S3-207721934,S3-167700207,S3-598568146,S2-169339199,S2-493543131,S2-978307502,S2-139451084,S2-743560781,S2-362298658,S3-175443554,S3-143717382,S3-752467478,S3-284702369,S3-654514302
S1-889012090	S2-108012128,S2-697514180,S2-425334082,S2-595491693,S2-714315001,S2-583114929,S2-975502236,S2-498170125,S2-540565178,S2-580586919,S2-409273301,S2-864537888,S2-742740304,S2-167452033,S2-224171675
S1-748500004	S2-443010360,S2-430858444,S2-502325855
S1-587404171	S2-871683148,S2-761740572
S1-986604838	S2-274269958,S2-672392100,S2-59192725,S2-883819340,S2-808542221,S2-187886516,S2-991869053,S2-774940874,S3-267516505,S3-927656784,S3-17568830,S3-266793754,S3-577689079,S3-799263023,S3-502443905
S1-766408899	S2-875724478,S2-169727784,S2-340880073,S2-153968942,S2-641374867,S2-190625204,S2-621647415,S2-871144252,S2-73195347,S2-932156987,S2-789287093,S2-114824940,S2-684849811,S2-446572169,S2-919703139
S1-507163415	S2-867324975,S2-199451665,S2-800675490,S2-433684739,S2-19953999,S2-255281915,S2-241699195,S3-916140155,S3-953947930,S3-527660042,S3-229963061
S1-873761236	S2-663959226,S2-690368889,S2-454447953,S3-975969666,S3-968408145,S3-304530964,S3-260280729,S2-879745998,S3-456593429,S3-422815078,S3-606193838,S3-264153527,S2-378851466,S2-806209738,S2-737499898
S1-655802552	S3-835032939,S3-647610122,S3-722123078
S1-327983313	S2-22034959,S3-662721327,S3-801858031,S2-630672871,S2-652123638,S2-46192313,S2-157523293,S2-150840866,S2-25938247,S3-73958887,S3-641559642,S3-728858959,S3-604638673,S3-662462001,S3-359017501
S1-77383698	S2-744098365,S2-598312557,S2-103781604,S2-261228864,S2-580599447,S2-418144525,S3-605923847,S2-357180028,S2-533748083,S2-345851534,S3-320488619,S3-932686955,S3-38186343,S3-445543631
S1-273531258	S2-446219150,S2-898271371,S2-485280761,S2-886484247,S3-577972146,S3-652441284,S3-293352282,S3-130446024,S3-672416619,S2-925400951,S2-484483494,S2-361094954,S3-891899299,S3-255883482
S1-772535560	
S1-598136304	S2-896768736,S3-125349995,S3-662861736
S1-789788578	
S1-346777444	S2-257520714,S2-906842440,S3-214982367,S3-426449641,S3-613087360,S2-232181140,S3-905253683
S1-544222533	S3-688194826,S2-470617752,S2-287130510,S2-737315655,S3-560657213,S3-264170444,S3-30565569,S3-781390248
S1-493959729	S2-765689508,S2-138070868,S2-85673195,S2-9185162,S2-404433856,S2-909026146,S2-203520208,S2-619262991,S3-973665746,S3-134959390,S3-216167133
S1-430462466	S2-226111615,S2-798589387,S2-235534560,S2-109800469,S2-677560540,S3-901997932,S3-360310067,S3-726527220,S2-85144335,S2-982623284,S3-485517879,S3-919632385
S1-792204527	S2-779040268,S2-260494879,S2-336821634,S2-55418957,S2-6184028,S2-165898626,S2-406149845,S2-30931575,S2-167404095,S2-100989007,S2-715960357,S2-788345577,S2-392578068,S2-871144252,S2-664893936
S1-788563249	S2-297579015,S2-525170022,S3-953042337
S1-198662647	S2-305089827,S2-193510687,S2-118916909,S2-666810841,S3-640375681,S3-986739557,S3-884473350,S3-425715498,S2-292567038,S2-550697952,S2-282913892,S2-177873237,S2-336821634,S2-572406967,S2-711854311
S1-431137009	S3-954671012,S2-484457398,S2-640125564,S2-77025756,S3-943929303,S3-257471680,S3-239848768,S2-933865098,S2-519059543,S2-411773002,S2-927573547,S2-972087927,S2-895992482,S2-699920476,S2-609571259
S1-22335277	
S1-291584542	S2-797348450,S2-871779147,S2-644861038,S2-587119929,S2-183629486,S2-381027570,S2-658065717,S3-525615575,S3-61963480,S3-201724763,S3-400855971,S3-389223204,S3-30565569,S3-144519911,S3-175001935
S1-556611862	S2-126819365,S3-638327343
S1-32767080	
S1-242691036	S2-191963917,S2-56354930,S2-191311189,S3-539235056,S2-166809876,S2-260494879,S2-434336539,S2-516174026,S2-940366297,S2-307656815,S2-712852603,S2-512188154,S2-985262675,S2-355900344,S2-766079823
S1-770890247	S2-36390503,S2-210791875,S2-44209004,S2-175042336,S2-662724974,S2-783207344,S2-813354914,S2-223811318,S2-27616304,S2-152788669,S2-91969961,S2-588922526,S2-772259224,S2-801803015,S2-691145010
S1-276402071	S3-928634282,S2-789640805,S2-612069316,S2-302380669,S3-527414788,S2-575142052,S3-566490588,S3-398663305,S3-259760329,S3-815098380,S2-24099038,S2-770738730,S2-575871394,S3-184433626,S3-745785960
S1-936869465	S2-968505057,S2-714315001,S2-955876497,S2-238848449,S2-979006119,S2-99769575,S2-764629564,S2-706146364,S2-132721834,S3-606217734,S3-161800995,S3-148461291,S3-703496100,S3-136619053,S3-293708747
S1-201994316	S2-89663826,S2-123627795,S2-181305222,S2-105890899,S3-279715184,S3-290793692,S3-794713116,S3-467616579
S1-905520099	S2-241699195,S2-77668832,S3-644424345,S2-615015424,S3-695129688,S3-265359996
S1-766655509	S2-63117139,S2-480897317,S2-453562565,S2-363212751,S2-479154694,S3-185580229,S3-783337925,S3-977845400,S3-945390736,S3-652518072,S3-473443522,S3-66101661,S3-870947009,S3-621019792,S3-982819140
S1-415414688	S2-126819365,S3-638327343
S1-133928599	S2-800542765,S2-862578020,S2-207439352,S2-64479721,S2-585918330,S2-163228105,S2-169037041,S2-466521198,S2-370253412,S2-100293042,S2-313865175,S3-853096152,S3-821572423,S3-742526233,S3-55314584
S1-871112769	S3-815098380,S2-514477715,S2-883799231,S3-839414204,S3-580297488,S2-938065576,S2-188368209,S2-885902447,S2-612069316,S2-226172365,S2-404007568,S2-220935682,S2-654351673,S2-396840544,S3-203608044
S1-948985690	
S1-653149647	
S1-657251225	S2-540182433,S2-782561431,S3-108111278,S3-223843979,S3-282236721,S2-528929761,S2-916015676,S2-39872285,S2-392578068,S2-299877054,S2-36616184,S3-179099570,S3-195976462,S3-219316014,S3-699367647
S1-244474490	
S1-857992844	S2-647447093,S2-823495263,S2-290238781,S2-977401479,S2-770493466,S2-498170125,S2-647945622,S2-538671636,S2-13335169,S3-978862386,S3-191777631,S3-660838032,S3-621061968,S3-687668592,S3-172261363
S1-197043206	S2-21907891,S2-816523255,S2-838961009,S2-666190859,S2-373593345,S3-565419953,S3-334177270,S3-595855331,S3-334356676
S1-269094403	S2-436440977,S3-378709231,S3-739386281,S3-219310212,S3-971389096,S3-870097276
S1-355078971	S2-550697952,S2-442169767,S2-19476634,S2-60869404,S3-268628840,S3-53926965,S2-649569032,S2-431834266,S3-948575262,S2-292567038,S2-282913892,S2-177873237,S2-336821634,S2-572406967,S2-711854311
S1-51627651	S3-507043143,S3-484994752,S3-281837290
S1-288364156	
S1-500222888	S2-905827553,S2-91100310,S2-906255068,S2-81242288,S2-361094954,S2-972432542,S2-186023919,S2-299877054,S2-257271386,S2-862611244,S2-464655979,S3-922191827,S3-795001586,S3-777026034,S3-370541064
S1-247274429	S2-704180517,S2-600460285,S2-214939320,S2-202662079,S2-994099264,S2-658065717,S3-116557348,S3-796316024,S3-311145376,S3-155137912,S2-663700902,S2-949044369,S2-591480430,S3-45179985,S3-106741469
S1-260204874	S2-234200980,S2-952858710,S2-31694455,S2-86137182,S2-609571259,S2-651671642,S2-258187741,S2-313536981,S2-784517142,S2-420602042,S3-153388083,S3-414627989,S3-148974528,S3-855164033,S3-239645053
S1-511066423	S2-953315150,S3-436480804,S3-181656306,S3-796316024,S3-826532213,S3-312303983,S3-434729821
S1-605505884	S3-195976462
S1-882791035	S2-233474561,S2-672061424,S2-218337544,S2-401195970,S3-22088661,S3-124578688,S3-746937580,S3-51420235,S2-222871632,S2-703096481,S2-430858444,S2-591347284,S2-191769508,S2-473901386,S3-67441115
S1-868105169	S2-968505057,S3-293708747,S3-227274147,S3-136619053,S2-418900651,S3-679747836,S2-714315001,S2-955876497,S2-238848449,S2-979006119,S2-99769575,S2-764629564,S2-706146364,S2-132721834,S3-606217734
S1-764707596	
S1-962993818	S2-982792981,S3-616747941,S3-303935657,S2-583114929,S2-75328302,S2-302380669,S3-566490588,S3-420754910,S3-435025202,S3-64079929,S2-566025912,S2-575142052,S2-112287031,S2-800542765,S2-425334082
S1-608940471	S2-470513530,S2-919581150,S2-352214657,S2-466521198,S2-678863714,S3-812491353
S1-346760887	S3-951480359,S2-237461185,S3-651489735,S3-165479965
S1-597621907	S2-270743332,S2-761740572,S2-981369013,S2-979096206,S2-192816498,S2-372517599,S2-675955548,S2-355472565,S2-7204821,S2-113424163,S2-457753565,S3-481758921,S3-336697476,S3-872013487,S3-908148625
S1-36048451	S3-447259837,S3-908996282,S3-823935201,S2-630672871,S2-652123638,S2-46192313,S2-157523293,S2-150840866,S2-25938247,S3-73958887,S3-641559642,S3-728858959,S3-604638673,S3-662462001,S3-359017501
S1-98985291	S2-462183999,S2-388594236,S2-313955120,S2-327788815,S2-210463649,S2-182040116,S3-521921590,S3-50374457,S3-693984318,S3-605289520,S3-112556658,S3-217903829,S3-552218493,S3-314949558,S3-366413508
S1-368908513	S2-495604525,S2-734527330,S3-947224654,S3-738758511,S3-377331363,S3-192887240
S1-504750404	S2-813179630,S2-363645478,S2-591850833,S2-643336283,S2-43266507,S2-417814323,S2-889706109,S2-814800185,S2-875547665,S2-60869404,S2-246344076,S2-387967930,S3-867263634,S3-430128111,S3-193324646
S1-687138169	S2-990903288,S2-365604487,S2-488337772,S3-445101009,S3-804343643,S3-764156649,S3-844923758,S2-258612635,S2-168132027,S2-990291229,S3-768772995,S3-766817544,S3-232673356,S3-58396617,S3-419242883
S1-576111952	
S1-907329636	S3-853359242,S2-770341988,S2-758493682,S2-505183846,S2-910843497,S2-509732333,S2-190162920,S2-570375816,S3-512908951,S3-655786151,S3-253865524,S3-660592001,S3-361062055,S3-692407967,S3-38298918
S1-220372723	S2-559669701,S2-730294781,S2-235259222,S2-952858710,S2-125955407,S2-568886805,S2-11497933,S2-663959226,S2-806209738,S2-168132027,S2-536451479,S2-854425445,S2-235569498,S2-696588819,S2-269915770
S1-591377734	S2-308862519,S2-436503412,S2-296064086,S3-219206801,S3-913148143,S3-546731906,S3-376422541,S3-356347371,S3-162815052
S1-915233460	S2-229677112,S2-188979997,S2-333597499,S2-298236550,S2-254237917,S2-690275089,S3-464265492,S3-927491453,S3-434212757,S3-833749338,S3-150887938,S3-826532213,S3-890633149,S3-926015847,S3-608878198
S1-808794467	
S1-119248132	
S1-710758303	S3-950311269,S2-292165524
S1-105001584	S2-883588051
S1-382212549	
S1-35578091	S2-462183999,S2-388594236,S2-313955120,S2-327788815,S2-210463649,S2-182040116,S3-521921590,S3-50374457,S3-693984318,S3-605289520,S3-112556658,S3-217903829,S3-552218493,S3-314949558,S3-366413508
S1-34932143	S2-664893936,S3-577972146,S3-378054173,S3-883789863
S1-545791724	S3-738601650,S3-398254055,S3-420754910,S2-305637735,S2-23519898,S2-167452033,S2-542091612,S2-577204741,S3-1062100,S2-697514180,S2-339363122,S2-676069227,S2-975502236,S2-613021953,S2-540565178
S1-869422569	S3-518082710
S1-844617434	S2-498001172,S2-753125951,S2-574723490,S2-479477181,S2-133918321,S2-686936746,S3-691688764
S1-488174268	S2-2920056,S2-491551718,S3-262204016
S1-963501196	S2-412882978
S1-531518308	S2-372153637,S3-766817544,S3-666700667,S2-933865098,S2-619539146,S2-719841632,S2-696890340,S2-514474072,S2-18309124,S3-221443476,S3-319252793,S3-23781571,S3-80840290,S3-691688764,S3-885926420
S1-288588262	S2-559669701,S2-730294781,S2-235259222,S2-952858710,S2-125955407,S2-568886805,S2-11497933,S2-663959226,S2-806209738,S2-168132027,S2-536451479,S2-854425445,S2-235569498,S2-696588819,S2-269915770
S1-94665545	S2-193510687,S2-345568659,S2-906255068,S2-973405019,S2-225055385,S3-222306979,S3-622017603,S3-769518935,S3-474644511,S3-79267718,S3-313690656,S3-604883637,S3-243515600,S3-269283294,S3-102646557
S1-460829054	S3-688478655
S1-817207769	S3-218566871,S3-513583430
S1-923121813	S2-305637735,S2-23519898,S2-167452033,S2-542091612,S2-577204741,S3-1062100,S3-738601650,S2-697514180,S2-339363122,S2-676069227,S2-975502236,S2-613021953,S2-540565178,S2-917596702,S2-769408741
S1-937797030	S3-187865546,S2-933865098,S2-519059543,S2-411773002,S2-927573547,S2-972087927,S2-895992482,S2-699920476,S2-609571259,S2-239070834,S2-371153547,S2-584760377,S2-860341701,S2-560818151,S2-625453224
S1-305324409	S2-439055696,S2-714953620,S2-645330149,S2-308793333,S3-16078484,S3-80840290,S2-411773002,S2-972087927,S2-980552823,S2-206048699,S2-666316775,S2-484297731,S3-776030941
S1-927419156	S2-179052007,S2-750187901,S2-497654662,S2-752749962,S2-199451665,S2-499241193,S2-568107961,S2-324022434,S2-699016702,S2-884050157,S3-892319511,S3-788075081,S3-870558068,S3-872205830,S3-48049419
S1-261393939	S2-473992508,S3-367727512,S3-623589664,S3-236881445,S3-665406219,S3-462962560
S1-158003567	S3-251522598,S2-595265518,S2-134329598,S3-626087419,S3-643174247,S3-378709231,S3-620427329
S1-772204055	S2-484457398,S2-640125564,S2-77025756,S3-943929303,S3-257471680,S3-239848768
S1-901881022	S2-459485143,S2-912224990,S3-556228627,S3-477828510,S3-953042337,S2-566025912,S2-521049331,S2-645886241,S2-335122263,S2-107820820,S2-28211372,S2-514477715,S2-660792558,S2-883799231,S2-620079742
S1-958709603	S2-429414207,S2-703096481,S2-810569289,S3-268657388,S3-237604674,S3-506705579,S3-430272493,S3-368251788,S3-929416102,S3-978534496,S2-378851466,S2-663959226,S2-806209738,S2-690368889,S2-737499898
S1-864062904	S2-225122945,S2-146545453,S2-273599220,S2-545840360,S3-623589664,S3-217903829,S3-532235489,S3-81098585,S3-756831859,S3-544100996
S1-389115869	S3-797998623
S1-32131273	S2-197244160,S2-218337544,S2-675644302,S2-205613259,S3-100799892,S3-871131653,S3-649030755,S2-429414207,S2-703096481,S2-810569289,S3-268657388,S3-237604674,S3-506705579,S3-430272493,S3-368251788
S1-485290093	
S1-449015682	S2-292567038,S2-550697952,S2-282913892,S2-177873237,S2-336821634,S2-572406967,S2-711854311,S2-55418957,S2-154961257,S2-895906111,S2-274269958,S2-929103679,S2-25830538,S2-898536195,S2-582157971
S1-273693856	
S1-216847975	S2-753125951,S2-147498899,S2-345851534,S3-760959067,S3-794713116,S3-643926722,S2-278570858,S2-187743820,S2-595265518,S2-103781604,S2-827108193,S2-884040388,S3-27773734,S3-500389439
S1-942180728	S2-619044353,S3-469272577,S3-229963061,S3-33051222,S2-856501384,S2-652893152,S3-849298897
S1-704576365	S2-216338945,S3-636236939
S1-706359294	S3-416247723
S1-688852755	S2-292567038,S2-550697952,S2-282913892,S2-177873237,S2-336821634,S2-572406967,S2-711854311,S2-55418957,S2-154961257,S2-895906111,S2-274269958,S2-929103679,S2-25830538,S2-898536195,S2-582157971
S1-501963178	S2-978307502,S2-721912112,S2-139451084,S2-814800185,S3-50374457,S3-94580525,S3-932355730
S1-428039663	S3-445101009
S1-394925431	S2-614086869,S2-975242575,S3-227660750,S3-637673746
S1-29387523	S2-619044353,S3-469272577,S3-229963061,S3-33051222,S2-976793661,S2-32792012,S2-973074537,S2-324022434,S2-451766122,S3-741835199,S3-892319511,S3-781299150,S3-217427762,S3-936888058,S3-711430755
S1-960221997	S2-941131362,S2-919581150,S2-405274205,S2-275231612,S2-542091612,S2-677008431,S3-198586129,S3-36174880,S3-444235713,S3-560874538,S3-870447454,S3-575828769
S1-369896511	S2-411773002,S2-972087927,S2-980552823,S2-206048699,S2-666316775,S2-484297731,S3-776030941
S1-973133967	
S1-957109842	S2-792088810
S1-718126154	S2-169339199,S2-70085549,S3-210670630
S1-657028371	
S1-122221465	S3-691294985,S2-233626843,S2-91064584,S2-782078221,S3-481581345,S2-418144525,S3-574231294,S2-225002758,S2-204417353,S2-877531568,S2-802693248,S3-331873108,S3-354193409,S3-968408145,S3-187865546
S1-241758739	S2-292567038,S2-550697952,S2-282913892,S2-177873237,S2-336821634,S2-572406967,S2-711854311,S2-55418957,S2-154961257,S2-895906111,S2-274269958,S2-929103679,S2-25830538,S2-898536195,S2-582157971
S1-292853265	S2-886358300,S2-893716684,S2-973074537,S3-240733649,S3-484994752,S3-669498794,S3-53603101,S3-281100873
S1-563412246	S2-597634181,S3-937140604,S3-713832596,S3-20921507,S2-504393659,S2-737499898,S2-987123781,S3-797598442,S3-899298661,S3-52491675
S1-635915279	S2-393902595,S2-947896922,S2-39306652,S2-92947617,S3-96795509,S3-841734573,S3-245921597,S3-358432918,S3-542159634,S3-61963480,S3-866811231,S3-200662409,S3-368878502,S3-119104424,S3-841369747
S1-257953143	S3-843493474,S2-980127632,S3-662462001,S3-28487348,S3-608878198,S2-491607559,S2-663700902,S3-662721327,S3-155795126,S3-833970055,S3-229954420,S3-398743645,S3-37392694,S3-665406219,S3-671760815
S1-935953663	S2-415633307,S2-462988598,S2-465143244,S2-342655156,S2-134222053,S2-792088810,S2-209534431,S3-289567021,S3-856896406,S3-549513530,S3-909556649,S3-985811237
S1-66970748	S2-793243336,S3-801858031,S2-127971493,S2-267512484,S2-284564865,S2-927066589,S2-176219321,S2-360631336,S3-200553210,S3-464507396,S3-106514182,S3-96366507,S3-922550338,S3-800419371,S2-22034959
S1-613214928	S2-783082192,S2-11418174,S2-147785279,S2-450143041,S2-584838025,S3-194049640,S3-257698168,S3-415820845,S2-681236478,S2-910030043,S2-119980365,S2-568518852,S2-728249934,S2-738029460,S3-760959067
S1-68168779	S2-649569032,S2-431834266,S3-948575262
S1-181117450	S2-741133761,S3-65154771,S2-651211121,S3-788075081,S3-822184939,S3-802348934,S3-403748952,S3-996199359
S1-337798606	S2-748623556,S2-975659148,S2-543623385,S2-411773002,S2-432415976,S2-370796080,S2-56939673,S2-199451665,S2-850775657,S2-44290848,S2-938237512,S2-676090398,S2-683794878,S3-284914705,S3-420740059
S1-877808612	S2-954571253,S2-753593579,S2-159786085,S3-331435880,S3-505170939
S1-991838189	S3-273272215,S2-647447093,S2-823495263,S2-290238781,S2-977401479,S2-770493466,S2-498170125,S2-647945622,S2-538671636,S2-13335169,S3-978862386,S3-191777631,S3-660838032,S3-621061968,S3-687668592
S1-415245659	
S1-860794391	S2-390533432,S2-158269168,S2-783581893,S2-599919707,S2-227017977,S2-532926411,S3-92755938,S3-679747836,S3-818348994,S3-536391720,S3-176436437,S3-693837253,S3-759564257
S1-590126941	S2-340420883,S2-379810610,S2-37879649,S3-307132570,S2-726058757,S2-234200980,S2-336500242,S2-164134839,S2-324292940,S3-626087419,S3-690589208,S3-101707804,S3-304530964
S1-852807313	S3-841734573,S3-841034461,S2-393902595,S2-633888738,S2-170890750,S2-198322712,S2-805068624,S2-587119929,S3-966230926,S3-747274804,S3-676942890,S2-947896922,S2-39306652,S2-92947617,S3-96795509
S1-643209618	
S1-581863940	
S1-225821819	S2-491343764,S2-678863714,S2-757965845,S3-303935657,S3-147306713,S3-516280445,S2-188368209,S2-297579015,S2-838961009,S3-64079929,S3-28391425,S3-978862386,S3-233262922,S3-607404491,S3-398663305
S1-778630887	
S1-377916068	S2-393902595,S2-25830538,S2-898271371,S2-721944962,S2-264951839,S2-19476634,S3-516583759,S3-162500917,S3-505045501,S3-709577340,S3-853383678,S3-584632273,S2-947896922,S2-39306652,S2-92947617
S1-37907520	S2-210463649,S2-424998513,S3-269283294,S2-462183999,S2-388594236,S2-313955120,S2-327788815,S2-182040116,S3-521921590,S3-50374457,S3-693984318,S3-605289520,S3-112556658,S3-217903829,S3-552218493
S1-637166800	
S1-352595333	S3-479654564
S1-333194875	S2-742018880,S2-418900651,S3-77632293,S3-355441686
S1-260721574	S2-658065717,S2-600460285,S2-214939320,S2-704180517,S2-202662079,S2-994099264,S3-116557348,S3-796316024,S3-311145376,S3-155137912
S1-677484813	S2-867640379,S3-724869974,S3-674272045,S3-619815954
S1-568320501	S2-17235825,S2-649702926,S2-583114929,S2-710233773,S2-445598380,S2-75328302,S2-339500407,S2-495870962,S2-263024876,S2-346644481,S2-589350155,S2-226231650,S2-1855489,S2-146077302,S2-302380669
S1-759995112	
S1-443768681	S2-187909971,S3-970700897
S1-170472252	S2-239070834,S2-263212704,S2-687964286,S2-31024612,S2-635956294,S2-78267304,S3-554561715,S3-947224654,S3-467829530,S2-318808106,S2-366639312,S3-854111235
S1-311511012	S3-722123078,S3-835032939,S3-647610122
S1-224275529	S2-600460285,S2-214939320,S2-704180517,S2-202662079,S2-994099264,S2-658065717,S3-116557348,S3-796316024,S3-311145376,S3-155137912
S1-427329185	S2-782078221,S2-51615186,S2-702263933,S2-696890340,S2-713555570,S2-681271230,S2-418144525,S2-565272097,S3-691294985,S3-576703765,S3-481581345,S3-657919288,S3-101242901,S3-172266482,S3-968990105
S1-417606815	S3-960416326,S3-50281059,S3-29698559,S2-934716922,S3-170975522,S3-464088678,S3-378073789,S3-61963480,S3-406452547,S3-198508352,S3-671405735,S3-198525262,S2-126819365,S3-638327343
S1-488457630	S3-507043143,S3-484994752,S3-281837290,S2-65284847,S2-491729969,S2-744384640,S3-135907540,S3-101036051,S3-817161138
S1-818470647	S2-257520714,S2-906842440,S3-214982367,S3-426449641,S3-613087360,S2-591347284,S3-75604340
S1-534346740	S2-146545453,S2-819310622,S2-740279975,S2-683268866,S2-81242288,S3-9842107,S3-743729368,S3-864360820,S3-330359437,S3-250625656,S3-841379471,S3-67772613,S2-308418230,S2-503434250,S3-436480804
S1-729626041	
S1-204633959	S3-309060972
S1-155512047	S2-383030202,S2-183205834,S2-58393536,S3-934627663,S3-661881573,S3-337112698,S2-158121477,S2-262646344,S2-70822028,S2-376908945,S2-40274524,S2-912224990,S2-905094783,S2-306997710,S2-813841226
S1-553186193	
S1-42502314	
S1-317114355	S2-54101700,S2-867917626,S2-323998042,S2-533939583,S2-591480430,S3-577819796,S3-908996282,S3-857098921,S3-106171259,S3-218347279,S3-165479965,S2-91100310,S2-157009014,S2-193192546,S2-457753565
S1-334574390	S2-342720491,S3-16078484,S2-498001172,S2-595735456,S2-584760377,S2-577525890,S2-191737075,S2-947488596,S2-214746945,S2-373250181,S3-179214561,S3-354195606,S3-797598442,S3-631007358,S3-815706232
S1-649110450	
S1-533417053	S2-883588051,S2-125955407,S2-951148549,S2-199280788,S2-566841305,S2-327310910,S2-12121003,S2-373250181,S2-569777652,S3-150632472,S3-833076537,S3-101242901,S3-669010879,S3-691688764,S3-239183408
S1-152550844	S2-512188154,S2-717773569,S3-92692166,S2-166809876,S2-260494879,S2-434336539,S2-516174026,S2-940366297,S2-191963917,S2-307656815,S2-56354930,S2-191311189,S2-712852603,S2-985262675,S2-355900344
S1-643493833	S2-591347284,S3-75604340,S3-629743833,S2-278570858,S2-682253147,S2-245878292,S2-147498899,S3-367901084,S3-474850204,S3-620366426
S1-734921625	S2-908349295,S3-538432776,S3-758086290,S2-872782933,S2-960258531,S2-830131819,S2-558211503,S2-956867829,S2-450649420,S3-266018996,S3-399738814,S3-955767277
S1-68108533	S2-765689508,S2-25830538,S2-898271371,S2-721944962,S2-264951839,S2-19476634,S3-516583759,S3-162500917,S3-505045501,S3-709577340,S3-853383678,S3-584632273,S2-138070868,S2-85673195,S2-9185162
S1-789286562	S2-477732440,S3-382077226,S3-814461933,S3-255883482,S2-256206990,S2-442790965,S2-795335462,S2-245492787,S2-124355652,S2-782532258,S2-150274944,S3-526709055,S3-532782484,S3-879002896,S3-801675197
S1-493735795	S3-626034570,S3-871418696,S3-64810791,S2-949044369,S2-545840360,S2-103020894,S3-415590169,S3-274868813,S3-476331583,S3-340665809,S3-326861904,S2-918973885,S2-367421312,S3-867263634,S3-107757096
S1-870309113	S2-85144335,S2-234992726,S2-681261480,S2-709603439,S2-424599291,S2-679408849,S3-870558068,S3-631466617,S3-932686955,S3-447228643,S3-103549817,S3-591923711,S3-467282506,S3-60718083,S2-886358300
S1-755184527	S2-779040268,S2-882388409,S3-544334666,S3-765606146,S3-847066642,S3-407948111
S1-741750910	S3-450152589,S3-419242883,S3-341608004,S2-782078221,S2-836553957,S3-622017468,S3-868643410
S1-396704474	S2-60538009,S2-470230201,S2-33989518,S2-302932759,S3-559011867
S1-77449994	S2-11474807,S2-590554293,S2-789698410,S2-328922214,S2-20595754,S2-223811318,S2-367817806,S2-34516684,S2-257271386,S2-47254895,S3-521066083,S3-444717485,S3-106428443,S3-358432918,S3-607162390
S1-607302089	
S1-80873383	S2-108012128,S2-647742770,S2-508053426,S3-170134173,S3-993374277,S2-21907891,S3-852035874
S1-194589041	S2-528929761,S2-916015676,S2-39872285,S2-540182433,S2-782561431,S2-392578068,S2-299877054,S2-36616184,S3-179099570,S3-195976462,S3-108111278,S3-219316014,S3-699367647,S3-223843979,S3-282236721
S1-550464269	
S1-405440827	S2-621647150
S1-500922440	S2-292567038,S2-550697952,S2-282913892,S2-177873237,S2-336821634,S2-572406967,S2-711854311,S2-55418957,S2-154961257,S2-895906111,S2-274269958,S2-929103679,S2-25830538,S2-898536195,S2-582157971
S1-111694025	
S1-760235082	S2-187743820,S2-123627795,S2-420530612,S3-249624801,S2-888162848,S2-436440977,S2-31024612,S2-228370756,S3-601066570,S2-450192914,S2-287166350,S3-657919288,S3-534340875
S1-445143782	
S1-17665971	S2-806209738,S2-737499898,S2-150268141,S3-545765346,S3-514174091,S3-38197713,S3-273133357,S2-663959226,S2-690368889,S2-879745998,S3-168605175,S2-559669701,S2-730294781,S2-235259222,S2-952858710
S1-131623880	S2-682246798
S1-453383072	S2-972274190,S3-299849437
S1-573827896	S2-497654662,S2-180831308,S2-446399386,S3-520005053,S3-431084906,S3-404278186
S1-740059747	S2-462183999,S2-737315655,S3-328022966,S3-739649986,S3-652720873,S2-896768736,S3-125349995,S3-662861736
S1-979645754	S2-600460285,S2-214939320,S2-704180517,S2-202662079,S2-994099264,S2-658065717,S3-116557348,S3-796316024,S3-311145376,S3-155137912,S2-126819365,S3-638327343
S1-5694837	S2-429414207,S2-703096481,S2-810569289,S3-268657388,S3-237604674,S3-506705579,S3-430272493,S3-368251788,S3-929416102,S2-125955407,S2-951148549,S2-199280788,S2-566841305,S2-327310910,S2-12121003
S1-895155435	S2-234200980,S2-952858710,S2-31694455,S2-86137182,S2-609571259,S2-651671642,S2-258187741,S2-313536981,S2-784517142,S2-420602042,S3-153388083,S3-414627989,S3-148974528,S3-855164033,S3-239645053
S1-552090769	S2-954571253,S2-753593579,S2-159786085,S3-331435880,S3-505170939
S1-444520529	S3-699367647,S3-2378515,S2-528929761,S2-916015676,S2-39872285,S2-540182433,S2-782561431,S2-392578068,S2-299877054,S2-36616184,S3-179099570,S3-195976462,S3-108111278,S3-219316014,S3-223843979
S1-481259122	S2-95948115,S2-278570858,S2-682253147,S2-245878292,S2-147498899,S3-367901084,S3-474850204,S3-620366426,S2-809665812,S2-476468994,S2-769651124,S2-670181184,S2-494686924,S3-528485292,S3-365545709
S1-170318976	
S1-254586049	S2-459485143,S2-823495263,S2-441692657,S2-908079681,S2-609659586,S2-952403763,S2-952109285,S3-64316370,S3-892547456
S1-626957328	
S1-820877559	S2-901270840,S3-58629609,S3-281837290
S1-111296778	S2-726058757,S2-838274938,S2-911375648,S2-356639544,S2-37879649,S2-144917152,S2-287166350,S2-810569289,S2-635956294,S2-41390641,S3-827776680,S3-450367692,S3-628663985,S3-644424345,S3-488679255
S1-847310129	S2-872782933,S2-255481825,S2-830131819,S2-558211503,S2-889538824,S2-510635651,S2-426121095,S3-517069981,S3-266018996,S3-955767277,S3-389223204,S3-591790934
S1-546941880	S2-741112525,S2-726058757,S2-234200980,S2-336500242,S2-164134839,S2-324292940,S3-626087419,S3-690589208,S3-101707804,S3-304530964,S2-37424835,S2-105890899,S3-445543631,S3-255577798
S1-697980001	
S1-338401200	S2-318799519,S2-597052728,S2-7204821,S3-606815816,S3-547831888,S2-491607559,S2-663700902,S3-662721327,S3-155795126,S3-843493474,S3-833970055,S3-229954420,S3-398743645,S3-37392694,S3-665406219
S1-501819870	S2-360631336,S3-106514182,S3-287052653,S2-127971493,S2-267512484,S2-284564865,S2-927066589,S2-793243336,S2-176219321,S3-200553210,S3-464507396,S3-96366507,S3-922550338,S3-800419371,S2-226188917
S1-541668027	
S1-966492570	S2-944210661,S2-649702926,S2-583114929,S2-710233773,S2-445598380,S2-75328302,S2-339500407,S2-17235825,S2-495870962,S2-263024876,S2-346644481,S2-589350155,S2-226231650,S2-1855489,S2-146077302
S1-702544592	S2-226111615,S2-798589387,S2-235534560,S2-109800469,S2-677560540,S3-901997932,S3-360310067,S3-726527220,S2-52929474
S1-528495462	S2-592412285,S2-956867829,S2-125788932,S2-644861038,S2-937626661,S2-208918525,S2-795922032,S3-515717408,S3-45395949,S3-287107415,S3-267108456,S3-482124667,S2-898271371,S2-520720812,S2-396538001
S1-545863954	S2-45143463,S3-337064812,S2-200306868,S2-979401692,S2-89660732,S3-870588828,S3-170176936,S3-472293246,S3-657235525,S3-426380417,S3-404994421,S3-743301641
S1-772195807	S2-827108193,S3-808387247,S3-904293301,S3-155543860
S1-603731465	S2-949114019,S2-676131215,S3-234659501,S3-887175722,S2-158121477,S2-262646344,S2-70822028,S2-376908945,S2-40274524,S2-912224990,S2-905094783,S2-306997710,S2-813841226,S2-503202602,S2-931507841
S1-453539657	S2-6298395
S1-46249643	S2-449438476,S2-395778865,S2-715963433,S2-533748083,S2-82774864,S3-472074707,S3-239848768,S3-95653077,S3-199617731,S3-574231294,S3-343934684
S1-317928365	
S1-735449543	S2-733379415,S2-783207344,S3-218566871,S3-754823586,S3-75303277,S3-898865172,S3-237085321,S3-245921597,S3-284831059,S3-320865987,S2-659544192,S2-98409268,S2-881711235,S2-274272202,S2-879514123
S1-368898506	S2-875724478,S2-169727784,S2-340880073,S2-153968942,S2-641374867,S2-190625204,S2-621647415,S2-871144252,S2-73195347,S2-932156987,S2-789287093,S2-114824940,S2-684849811,S2-446572169,S2-919703139
S1-39608811	S3-389223204
S1-497232093	S2-241220505,S2-718480121,S2-506155991,S2-392595553,S2-726853276,S2-470513530,S2-965682240,S2-993515161,S2-156443742,S2-249779014,S2-541892897,S3-272775451,S3-735677932,S3-41415156,S3-398663305
S1-740176897	S3-447659838,S2-949044369,S2-545840360,S2-103020894,S3-415590169,S3-626034570,S3-274868813,S3-871418696,S3-476331583,S3-340665809,S3-326861904,S2-505281043,S3-338692931,S3-37392694,S3-665406219
S1-699373004	S2-656634043,S3-336878626,S2-795525631,S2-903113935
S1-760964613	S2-112689538,S3-446409255
S1-759533619	S2-767997013,S2-654562074,S2-925400951,S2-773257998,S2-185048111,S2-988819067,S2-659432589,S2-597052728,S2-784233824,S2-721912112,S2-941338685,S3-525615575,S3-289000533,S3-448698808,S3-360915051
S1-89928972	S2-108012128,S2-647742770,S2-508053426,S3-170134173,S3-993374277
S1-415302434	S2-77137709,S2-945687659,S2-226188917,S2-107557903,S2-939764847,S2-235808422,S2-219999340,S3-963242645,S3-81098585,S3-804274330,S3-353973830,S3-200662409,S3-868514582,S2-20595754,S2-164012387
S1-397514626	S2-906594195,S2-583894646,S2-813362237,S2-941338685,S3-781855986,S2-530685908,S2-759764530,S2-225122945,S2-232272231,S2-654562074,S2-483583787,S2-516174026,S2-66101295,S2-736586353,S2-727695265
